updateDate,code,code_name
2026-07-28,600789.SH,鲁抗医药
2026-07-28,000801.SZ,四川九洲
2026-07-28,002099.SZ,海翔药业
2026-07-28,002100.SZ,天康生物
2026-07-28,002176.SZ,江特电机
2026-07-28,002245.SZ,蔚蓝锂芯
2026-07-28,002511.SZ,中顺洁柔
2026-07-28,300077.SZ,国民技术
2026-07-28,600475.SH,华光环能
2026-07-28,002096.SZ,易普力
2026-07-28,601222.SH,林洋能源
2026-07-28,601038.SH,一拖股份
2026-07-28,600877.SH,电科芯片
2026-07-28,600866.SH,星湖科技
2026-07-28,600821.SH,金开新能
2026-07-28,000029.SZ,深深房A
2026-07-28,000048.SZ,京基智农
2026-07-28,000058.SZ,深赛格
2026-07-28,000059.SZ,华锦股份
2026-07-28,000600.SZ,建投能源
2026-07-28,000672.SZ,上峰水泥
2026-07-28,000681.SZ,视觉中国
2026-07-28,000795.SZ,英洛华
2026-07-28,000811.SZ,冰轮环境
2026-07-28,000837.SZ,秦川机床
2026-07-28,000875.SZ,吉电股份
2026-07-28,000885.SZ,城发环境
2026-07-28,000899.SZ,赣能股份
2026-07-28,000901.SZ,航天科技
2026-07-28,000966.SZ,长源电力
2026-07-28,000990.SZ,诚志股份
2026-07-28,001896.SZ,豫能控股
2026-07-28,001914.SZ,招商积余
2026-07-28,002003.SZ,伟星股份
2026-07-28,002010.SZ,传化智联
2026-07-28,002017.SZ,东信和平
2026-07-28,002019.SZ,亿帆医药
2026-07-28,002020.SZ,京新药业
2026-07-28,002023.SZ,海特高新
2026-07-28,002045.SZ,国光电器
2026-07-28,002046.SZ,国机精工
2026-07-28,002060.SZ,广东建工
2026-07-28,002061.SZ,浙江交科
2026-07-28,002097.SZ,山河智能
2026-07-28,002104.SZ,恒宝股份
2026-07-28,002121.SZ,科陆电子
2026-07-28,002139.SZ,拓邦股份
2026-07-28,002145.SZ,钛能化学
2026-07-28,002151.SZ,北斗星通
2026-07-28,002158.SZ,汉钟精机
2026-07-28,002170.SZ,芭田股份
2026-07-28,002174.SZ,游族网络
2026-07-28,002182.SZ,宝武镁业
2026-07-28,002192.SZ,融捷股份
2026-07-28,002215.SZ,诺普信
2026-07-28,002222.SZ,福晶科技
2026-07-28,002239.SZ,奥特佳
2026-07-28,002268.SZ,电科网安
2026-07-28,002324.SZ,普利特
2026-07-28,002326.SZ,永太科技
2026-07-28,002351.SZ,漫步者
2026-07-28,002354.SZ,天娱数科
2026-07-28,002364.SZ,中恒电气
2026-07-28,002372.SZ,伟星新材
2026-07-28,002389.SZ,航天彩虹
2026-07-28,002434.SZ,万里扬
2026-07-28,002468.SZ,申通快递
2026-07-28,002484.SZ,江海股份
2026-07-28,002497.SZ,雅化集团
2026-07-28,002507.SZ,涪陵榨菜
2026-07-28,002516.SZ,旷达科技
2026-07-28,002518.SZ,科士达
2026-07-28,002531.SZ,天顺风能
2026-07-28,002539.SZ,云图控股
2026-07-28,002544.SZ,普天科技
2026-07-28,002549.SZ,凯美特气
2026-07-28,002550.SZ,千红制药
2026-07-28,002597.SZ,金禾实业
2026-07-28,002605.SZ,姚记科技
2026-07-28,002611.SZ,东方精工
2026-07-28,002617.SZ,露笑科技
2026-07-28,002626.SZ,金达威
2026-07-28,002636.SZ,金安国纪
2026-07-28,002639.SZ,雪人集团
2026-07-28,002643.SZ,万润股份
2026-07-28,002668.SZ,TCL智家
2026-07-28,002675.SZ,东诚药业
2026-07-28,002681.SZ,奋达科技
2026-07-28,002706.SZ,良信股份
2026-07-28,002716.SZ,湖南白银
2026-07-28,300008.SZ,天海防务
2026-07-28,300009.SZ,安科生物
2026-07-28,300034.SZ,钢研高纳
2026-07-28,300035.SZ,中科电气
2026-07-28,300036.SZ,超图软件
2026-07-28,300045.SZ,华力创通
2026-07-28,300047.SZ,天源迪科
2026-07-28,300049.SZ,福瑞股份
2026-07-28,300075.SZ,数字政通
2026-07-28,300080.SZ,易成新能
2026-07-28,300083.SZ,创世纪
2026-07-28,300085.SZ,银之杰
2026-07-28,300088.SZ,长信科技
2026-07-28,300098.SZ,高新兴
2026-07-28,300101.SZ,振芯科技
2026-07-28,300102.SZ,乾照光电
2026-07-28,300113.SZ,顺网科技
2026-07-28,300119.SZ,瑞普生物
2026-07-28,300127.SZ,银河磁体
2026-07-28,300130.SZ,新国都
2026-07-28,300131.SZ,英唐智控
2026-07-28,300134.SZ,大富科技
2026-07-28,300166.SZ,东方国信
2026-07-28,300170.SZ,汉得信息
2026-07-28,300171.SZ,东富龙
2026-07-28,300181.SZ,佐力药业
2026-07-28,300182.SZ,捷成股份
2026-07-28,300185.SZ,通裕重工
2026-07-28,300188.SZ,国投智能
2026-07-28,300199.SZ,翰宇药业
2026-07-28,300224.SZ,正海磁材
2026-07-28,300229.SZ,拓尔思
2026-07-28,300236.SZ,上海新阳
2026-07-28,300244.SZ,迪安诊断
2026-07-28,300253.SZ,卫宁健康
2026-07-28,300284.SZ,苏交科
2026-07-28,300294.SZ,博雅生物
2026-07-28,300296.SZ,利亚德
2026-07-28,300298.SZ,三诺生物
2026-07-28,300303.SZ,聚飞光电
2026-07-28,300322.SZ,硕贝德
2026-07-28,300323.SZ,华灿光电
2026-07-28,300327.SZ,中颖电子
2026-07-28,300337.SZ,银邦股份
2026-07-28,300342.SZ,天银机电
2026-07-28,300353.SZ,东土科技
2026-07-28,300357.SZ,我武生物
2026-07-28,300360.SZ,炬华科技
2026-07-28,300363.SZ,博腾股份
2026-07-28,300376.SZ,易事特
2026-07-28,300378.SZ,鼎捷数智
2026-07-28,600055.SH,万东医疗
2026-07-28,600057.SH,厦门象屿
2026-07-28,600063.SH,皖维高新
2026-07-28,600113.SH,浙江东日
2026-07-28,600114.SH,东睦股份
2026-07-28,600116.SH,三峡水利
2026-07-28,600129.SH,太极集团
2026-07-28,600133.SH,东湖高新
2026-07-28,600163.SH,中闽能源
2026-07-28,600179.SH,安通控股
2026-07-28,600185.SH,珠免集团
2026-07-28,600186.SH,莲花控股
2026-07-28,600206.SH,有研新材
2026-07-28,600210.SH,紫江企业
2026-07-28,600226.SH,亨通股份
2026-07-28,600246.SH,万通发展
2026-07-28,600258.SH,首旅酒店
2026-07-28,600273.SH,嘉化能源
2026-07-28,600285.SH,羚锐制药
2026-07-28,600305.SH,恒顺醋业
2026-07-28,600323.SH,瀚蓝环境
2026-07-28,600328.SH,中盐化工
2026-07-28,600330.SH,天通股份
2026-07-28,600331.SH,宏达股份
2026-07-28,600345.SH,长江通信
2026-07-28,600373.SH,中文传媒
2026-07-28,600388.SH,龙净环保
2026-07-28,600391.SH,航发科技
2026-07-28,600399.SH,抚顺特钢
2026-07-28,600420.SH,国药现代
2026-07-28,600446.SH,金证股份
2026-07-28,600459.SH,贵研铂业
2026-07-28,600461.SH,洪城环境
2026-07-28,600480.SH,凌云股份
2026-07-28,600502.SH,安徽建工
2026-07-28,600529.SH,山东药玻
2026-07-28,600552.SH,凯盛科技
2026-07-28,600559.SH,老白干酒
2026-07-28,600577.SH,精达股份
2026-07-28,600621.SH,华鑫股份
2026-07-28,600641.SH,万业企业
2026-07-28,600662.SH,外服控股
2026-07-28,600667.SH,太极实业
2026-07-28,600686.SH,金龙汽车
2026-07-28,600717.SH,天津港
2026-07-28,600728.SH,佳都科技
2026-07-28,600746.SH,江苏索普
2026-07-28,600751.SH,海航科技
2026-07-28,600771.SH,广誉远
2026-07-28,002373.SZ,千方科技
2026-07-28,000035.SZ,中国天楹
2026-07-28,000065.SZ,北方国际
2026-07-28,000682.SZ,东方电子
2026-07-28,000766.SZ,通化金马
2026-07-28,000767.SZ,晋控电力
2026-07-28,000902.SZ,新洋丰
2026-07-28,000935.SZ,四川双马
2026-07-28,002075.SZ,沙钢股份
2026-07-28,002171.SZ,楚江新材
2026-07-28,002212.SZ,天融信
2026-07-28,002246.SZ,北化股份
2026-07-28,002338.SZ,奥普光电
2026-07-28,002378.SZ,章源钨业
2026-07-28,300065.SZ,海兰信
2026-07-28,600033.SH,福建高速
2026-07-28,600094.SH,大名城
2026-07-28,600508.SH,上海能源
2026-07-28,600531.SH,豫光金铅
2026-07-28,600623.SH,华谊集团
2026-07-28,600682.SH,南京新百
2026-07-28,600726.SH,华电能源
2026-07-28,600882.SH,妙可蓝多
2026-07-28,600961.SH,株冶集团
2026-07-28,601636.SH,旗滨集团
2026-07-28,601677.SH,明泰铝业
2026-07-28,601890.SH,亚星锚链
2026-07-28,000089.SZ,深圳机场
2026-07-28,000498.SZ,山东路桥
2026-07-28,000727.SZ,冠捷科技
2026-07-28,000828.SZ,东莞控股
2026-07-28,000928.SZ,中钢国际
2026-07-28,002226.SZ,江南化工
2026-07-28,002320.SZ,海峡股份
2026-07-28,002534.SZ,西子洁能
2026-07-28,002572.SZ,索菲亚
2026-07-28,002737.SZ,葵花药业
2026-07-28,300007.SZ,汉威科技
2026-07-28,300398.SZ,飞凯材料
2026-07-28,600123.SH,兰花科创
2026-07-28,600269.SH,赣粤高速
2026-07-28,600629.SH,华建集团
2026-07-28,600740.SH,山西焦化
2026-07-28,600782.SH,新钢股份
2026-07-28,601069.SH,西部黄金
2026-07-28,601107.SH,四川成渝
2026-07-28,603099.SH,长白山
2026-07-28,603100.SH,川仪股份
2026-07-28,603166.SH,福达股份
2026-07-28,603456.SH,九洲药业
2026-07-28,603678.SH,火炬电子
2026-07-28,000422.SZ,湖北宜化
2026-07-28,000506.SZ,招金黄金
2026-07-28,002123.SZ,梦网科技
2026-07-28,002416.SZ,爱施德
2026-07-28,002488.SZ,金固股份
2026-07-28,002651.SZ,利君股份
2026-07-28,002747.SZ,埃斯顿
2026-07-28,300276.SZ,三丰智能
2026-07-28,300348.SZ,长亮科技
2026-07-28,300438.SZ,鹏辉能源
2026-07-28,300443.SZ,金雷股份
2026-07-28,300468.SZ,四方精创
2026-07-28,300482.SZ,万孚生物
2026-07-28,600012.SH,皖通高速
2026-07-28,600550.SH,保变电气
2026-07-28,600986.SH,浙文互联
2026-07-28,603118.SH,共进股份
2026-07-28,603227.SH,雪峰科技
2026-07-28,603588.SH,高能环境
2026-07-28,603599.SH,广信股份
2026-07-28,603997.SH,继峰股份
2026-07-28,000676.SZ,智度股份
2026-07-28,002036.SZ,联创电子
2026-07-28,002091.SZ,江苏国泰
2026-07-28,300031.SZ,宝通科技
2026-07-28,300456.SZ,赛微电子
2026-07-28,600072.SH,中船科技
2026-07-28,600338.SH,西藏珠峰
2026-07-28,600744.SH,华银电力
2026-07-28,603508.SH,思维列控
2026-07-28,603866.SH,桃李面包
2026-07-28,603299.SH,苏盐井神
2026-07-28,002043.SZ,兔宝宝
2026-07-28,000603.SZ,盛达资源
2026-07-28,000650.SZ,仁和药业
2026-07-28,000688.SZ,国城矿业
2026-07-28,002270.SZ,华明装备
2026-07-28,002287.SZ,奇正藏药
2026-07-28,002537.SZ,海联金汇
2026-07-28,300409.SZ,道氏技术
2026-07-28,300457.SZ,赢合科技
2026-07-28,600490.SH,鹏欣资源
2026-07-28,600963.SH,岳阳林纸
2026-07-28,601020.SH,华钰矿业
2026-07-28,603026.SH,石大胜华
2026-07-28,603108.SH,润达医疗
2026-07-28,603919.SH,金徽酒
2026-07-28,000719.SZ,中原传媒
2026-07-28,000927.SZ,中国铁物
2026-07-28,002053.SZ,云南能投
2026-07-28,600320.SH,振华重工
2026-07-28,002110.SZ,三钢闽光
2026-07-28,002204.SZ,大连重工
2026-07-28,002458.SZ,益生股份
2026-07-28,002545.SZ,东方铁塔
2026-07-28,300180.SZ,华峰超纤
2026-07-28,300459.SZ,汤姆猫
2026-07-28,300529.SZ,健帆生物
2026-07-28,300568.SZ,星源材质
2026-07-28,600075.SH,新疆天业
2026-07-28,600252.SH,中恒集团
2026-07-28,600456.SH,宝钛股份
2026-07-28,600507.SH,方大特钢
2026-07-28,600783.SH,鲁信创投
2026-07-28,600997.SH,开滦股份
2026-07-28,601003.SH,柳钢股份
2026-07-28,601126.SH,四方股份
2026-07-28,601595.SH,上海电影
2026-07-28,601858.SH,中国科传
2026-07-28,601882.SH,海天精工
2026-07-28,601900.SH,南方传媒
2026-07-28,603358.SH,华达科技
2026-07-28,603393.SH,新天然气
2026-07-28,603881.SH,数据港
2026-07-28,603730.SH,岱美股份
2026-07-28,603707.SH,健友股份
2026-07-28,603612.SH,索通发展
2026-07-28,603337.SH,杰克科技
2026-07-28,603323.SH,苏农银行
2026-07-28,603305.SH,旭升集团
2026-07-28,603218.SH,日月股份
2026-07-28,603063.SH,禾望电气
2026-07-28,603043.SH,广州酒家
2026-07-28,601952.SH,苏垦农发
2026-07-28,601918.SH,新集能源
2026-07-28,601137.SH,博威合金
2026-07-28,601101.SH,昊华能源
2026-07-28,600812.SH,华北制药
2026-07-28,600675.SH,中华企业
2026-07-28,600612.SH,老凤祥
2026-07-28,300660.SZ,江苏雷利
2026-07-28,300633.SZ,开立医疗
2026-07-28,300618.SZ,寒锐钴业
2026-07-28,300613.SZ,富瀚微
2026-07-28,300601.SZ,康泰生物
2026-07-28,300184.SZ,力源信息
2026-07-28,002867.SZ,周大生
2026-07-28,002859.SZ,洁美科技
2026-07-28,002237.SZ,恒邦股份
2026-07-28,000917.SZ,电广传媒
2026-07-28,000550.SZ,江铃汽车
2026-07-28,000973.SZ,佛塑科技
2026-07-28,603533.SH,掌阅科技
2026-07-28,000555.SZ,神州信息
2026-07-28,000791.SZ,甘肃能源
2026-07-28,002101.SZ,广东鸿图
2026-07-28,002258.SZ,利尔化学
2026-07-28,002267.SZ,陕天然气
2026-07-28,002292.SZ,奥飞娱乐
2026-07-28,002557.SZ,洽洽食品
2026-07-28,002705.SZ,新宝股份
2026-07-28,002727.SZ,一心堂
2026-07-28,002895.SZ,川恒股份
2026-07-28,002901.SZ,大博医疗
2026-07-28,002906.SZ,华阳集团
2026-07-28,002911.SZ,佛燃能源
2026-07-28,300607.SZ,拓斯达
2026-07-28,300682.SZ,朗新集团
2026-07-28,300685.SZ,艾德生物
2026-07-28,300726.SZ,宏达电子
2026-07-28,600933.SH,爱柯迪
2026-07-28,601369.SH,陕鼓动力
2026-07-28,601908.SH,京运通
2026-07-28,601949.SH,中国出版
2026-07-28,603055.SH,台华新材
2026-07-28,603103.SH,横店影视
2026-07-28,000030.SZ,富奥股份
2026-07-28,000810.SZ,创维数字
2026-07-28,000923.SZ,河钢资源
2026-07-28,603619.SH,中曼石油
2026-07-28,600596.SH,新安股份
2026-07-28,603693.SH,江苏新能
2026-07-28,603876.SH,鼎胜新材
2026-07-28,603733.SH,仙鹤股份
2026-07-28,603638.SH,艾迪精密
2026-07-28,603039.SH,泛微网络
2026-07-28,603013.SH,亚普股份
2026-07-28,601619.SH,嘉泽新能
2026-07-28,601375.SH,中原证券
2026-07-28,600929.SH,雪天盐业
2026-07-28,600619.SH,海立股份
2026-07-28,600422.SH,昆药集团
2026-07-28,600211.SH,西藏药业
2026-07-28,600059.SH,古越龙山
2026-07-28,300747.SZ,锐科激光
2026-07-28,300725.SZ,药石科技
2026-07-28,300634.SZ,彩讯股份
2026-07-28,300624.SZ,万兴科技
2026-07-28,300602.SZ,飞荣达
2026-07-28,300595.SZ,欧普康视
2026-07-28,002929.SZ,润建股份
2026-07-28,002928.SZ,华夏航空
2026-07-28,002840.SZ,华统股份
2026-07-28,002768.SZ,国恩股份
2026-07-28,002698.SZ,博实股份
2026-07-28,002428.SZ,云南锗业
2026-07-28,002396.SZ,星网锐捷
2026-07-28,002073.SZ,软控股份
2026-07-28,000913.SZ,钱江摩托
2026-07-28,000620.SZ,盈新发展
2026-07-28,603826.SH,坤彩科技
2026-07-28,603713.SH,密尔克卫
2026-07-28,603583.SH,捷昌驱动
2026-07-28,603220.SH,中贝通信
2026-07-28,603127.SH,昭衍新药
2026-07-28,603027.SH,千禾味业
2026-07-28,601519.SH,大智慧
2026-07-28,600850.SH,电科数字
2026-07-28,600776.SH,东方通信
2026-07-28,600773.SH,西藏城投
2026-07-28,600761.SH,安徽合力
2026-07-28,600710.SH,苏美达
2026-07-28,600635.SH,大众公用
2026-07-28,600618.SH,氯碱化工
2026-07-28,600389.SH,江山股份
2026-07-28,300723.SZ,一品红
2026-07-28,600184.SH,光电股份
2026-07-28,601606.SH,长城军工
2026-07-28,600366.SH,宁波韵升
2026-07-28,300684.SZ,中石科技
2026-07-28,300674.SZ,宇信科技
2026-07-28,002913.SZ,奥士康
2026-07-28,002755.SZ,奥赛康
2026-07-28,002498.SZ,汉缆股份
2026-07-28,002400.SZ,省广集团
2026-07-28,002345.SZ,潮宏基
2026-07-28,002276.SZ,万马股份
2026-07-28,002063.SZ,远光软件
2026-07-28,002041.SZ,登海种业
2026-07-28,000950.SZ,重药控股
2026-07-28,000567.SZ,海德股份
2026-07-28,000049.SZ,德赛电池
2026-07-28,600587.SH,新华医疗
2026-07-28,000552.SZ,甘肃能化
2026-07-28,000829.SZ,天音控股
2026-07-28,000969.SZ,安泰科技
2026-07-28,002216.SZ,三全食品
2026-07-28,002243.SZ,力合科创
2026-07-28,002251.SZ,步步高
2026-07-28,002254.SZ,泰和新材
2026-07-28,002332.SZ,仙琚制药
2026-07-28,002405.SZ,四维图新
2026-07-28,002832.SZ,比音勒芬
2026-07-28,002947.SZ,恒铭达
2026-07-28,300428.SZ,立中集团
2026-07-28,300638.SZ,广和通
2026-07-28,300702.SZ,天宇股份
2026-07-28,300761.SZ,立华股份
2026-07-28,300768.SZ,迪普科技
2026-07-28,300770.SZ,新媒股份
2026-07-28,300773.SZ,拉卡拉
2026-07-28,300775.SZ,三角防务
2026-07-28,300776.SZ,帝尔激光
2026-07-28,300777.SZ,中简科技
2026-07-28,300783.SZ,三只松鼠
2026-07-28,600458.SH,时代新材
2026-07-28,600750.SH,江中药业
2026-07-28,600864.SH,哈投股份
2026-07-28,600971.SH,恒源煤电
2026-07-28,600993.SH,马应龙
2026-07-28,603169.SH,兰石重装
2026-07-28,603236.SH,移远通信
2026-07-28,603267.SH,鸿远电子
2026-07-28,603279.SH,景津装备
2026-07-28,603327.SH,福蓉科技
2026-07-28,603613.SH,国联股份
2026-07-28,603915.SH,国茂股份
2026-07-28,002194.SZ,武汉凡谷
2026-07-28,000403.SZ,派林生物
2026-07-28,000503.SZ,国新健康
2026-07-28,002015.SZ,协鑫能科
2026-07-28,002838.SZ,道恩股份
2026-07-28,002960.SZ,青鸟消防
2026-07-28,002961.SZ,瑞达期货
2026-07-28,002967.SZ,广电计量
2026-07-28,300319.SZ,麦捷科技
2026-07-28,300455.SZ,航天智装
2026-07-28,300525.SZ,博思软件
2026-07-28,300573.SZ,兴齐眼药
2026-07-28,300579.SZ,数字认证
2026-07-28,300598.SZ,诚迈科技
2026-07-28,300657.SZ,弘信电子
2026-07-28,300672.SZ,国科微
2026-07-28,300762.SZ,上海瀚讯
2026-07-28,600267.SH,海正药业
2026-07-28,601965.SH,中国汽研
2026-07-28,603005.SH,晶方科技
2026-07-28,603093.SH,南华期货
2026-07-28,603360.SH,百傲化学
2026-07-28,603530.SH,神马电力
2026-07-28,603690.SH,至纯科技
2026-07-28,603887.SH,城地香江
2026-07-28,603927.SH,中科软
2026-07-28,603992.SH,松霖科技
2026-07-28,002181.SZ,粤传媒
2026-07-28,600452.SH,涪陵电力
2026-07-28,600395.SH,盘江股份
2026-07-28,603283.SH,赛腾股份
2026-07-28,002979.SZ,雷赛智能
2026-07-28,000848.SZ,承德露露
2026-07-28,002163.SZ,海南发展
2026-07-28,002541.SZ,鸿路钢构
2026-07-28,002761.SZ,浙江建投
2026-07-28,002847.SZ,盐津铺子
2026-07-28,002978.SZ,安宁股份
2026-07-28,002987.SZ,京北方
2026-07-28,300738.SZ,奥飞数据
2026-07-28,300821.SZ,东岳硅材
2026-07-28,300841.SZ,康华生物
2026-07-28,300855.SZ,图南股份
2026-07-28,600335.SH,国机汽车
2026-07-28,600557.SH,康缘药业
2026-07-28,600956.SH,新天绿能
2026-07-28,600996.SH,贵广网络
2026-07-28,601311.SH,骆驼股份
2026-07-28,601609.SH,金田股份
2026-07-28,601678.SH,滨化股份
2026-07-28,603025.SH,大豪科技
2026-07-28,603301.SH,振德医疗
2026-07-28,603556.SH,海兴电力
2026-07-28,605118.SH,力鼎光电
2026-07-28,688001.SH,华兴源创
2026-07-28,688005.SH,容百科技
2026-07-28,688006.SH,杭可科技
2026-07-28,688016.SH,心脉医疗
2026-07-28,688116.SH,天奈科技
2026-07-28,688139.SH,海尔生物
2026-07-28,688388.SH,嘉元科技
2026-07-28,605376.SH,博迁新材
2026-07-28,688100.SH,威胜信息
2026-07-28,688158.SH,优刻得
2026-07-28,688177.SH,百奥泰
2026-07-28,688333.SH,铂力特
2026-07-28,688368.SH,晶丰明源
2026-07-28,002891.SZ,中宠股份
2026-07-28,002941.SZ,新疆交建
2026-07-28,002993.SZ,奥海科技
2026-07-28,003006.SZ,百亚股份
2026-07-28,300850.SZ,新强联
2026-07-28,300861.SZ,美畅股份
2026-07-28,300872.SZ,天阳科技
2026-07-28,300910.SZ,瑞丰新材
2026-07-28,600151.SH,航天机电
2026-07-28,002807.SZ,江阴银行
2026-07-28,600017.SH,日照港
2026-07-28,000712.SZ,锦龙股份
2026-07-28,000612.SZ,焦作万方
2026-07-28,000543.SZ,皖能电力
2026-07-28,605099.SH,共创草坪
2026-07-28,605111.SH,新洁能
2026-07-28,603328.SH,依顿电子
2026-07-28,600575.SH,淮河能源
2026-07-28,600428.SH,中远海特
2026-07-28,000061.SZ,农产品
2026-07-28,000762.SZ,西藏矿业
2026-07-28,000813.SZ,德展健康
2026-07-28,000860.SZ,顺鑫农业
2026-07-28,002456.SZ,欧菲光
2026-07-28,002635.SZ,安洁科技
2026-07-28,002839.SZ,张家港行
2026-07-28,003039.SZ,顺控发展
2026-07-28,301015.SZ,百洋医药
2026-07-28,301029.SZ,怡合达
2026-07-28,301031.SZ,中熔电气
2026-07-28,301035.SZ,润丰股份
2026-07-28,301039.SZ,中集车辆
2026-07-28,600248.SH,陕建股份
2026-07-28,600416.SH,湘电股份
2026-07-28,600916.SH,中国黄金
2026-07-28,601208.SH,东材科技
2026-07-28,601528.SH,瑞丰银行
2026-07-28,601777.SH,千里科技
2026-07-28,601921.SH,浙版传媒
2026-07-28,601963.SH,重庆银行
2026-07-28,603033.SH,三维股份
2026-07-28,603171.SH,税友股份
2026-07-28,605090.SH,九丰能源
2026-07-28,605296.SH,神农集团
2026-07-28,688050.SH,爱博医疗
2026-07-28,688106.SH,金宏气体
2026-07-28,688127.SH,蓝特光学
2026-07-28,688390.SH,固德威
2026-07-28,688516.SH,奥特维
2026-07-28,688586.SH,江航装备
2026-07-28,688408.SH,中信博
2026-07-28,688686.SH,奥普特
2026-07-28,605123.SH,派克新材
2026-07-28,603567.SH,珍宝岛
2026-07-28,603505.SH,金石资源
2026-07-28,603306.SH,华懋科技
2026-07-28,601702.SH,华峰铝业
2026-07-28,600908.SH,无锡银行
2026-07-28,600888.SH,新疆众和
2026-07-28,600872.SH,中炬高新
2026-07-28,600869.SH,远东股份
2026-07-28,600729.SH,重庆百货
2026-07-28,600657.SH,信达地产
2026-07-28,600649.SH,城投控股
2026-07-28,600645.SH,中源协和
2026-07-28,600643.SH,爱建集团
2026-07-28,600639.SH,浦东金桥
2026-07-28,600266.SH,城建发展
2026-07-28,600158.SH,中体产业
2026-07-28,301217.SZ,铜冠铜箔
2026-07-28,301177.SZ,迪阿股份
2026-07-28,301155.SZ,海力风电
2026-07-28,301087.SZ,可孚医疗
2026-07-28,301071.SZ,力量钻石
2026-07-28,301050.SZ,雷电微力
2026-07-28,301047.SZ,义翘神州
2026-07-28,300827.SZ,上能电气
2026-07-28,300772.SZ,运达股份
2026-07-28,300655.SZ,晶瑞电材
2026-07-28,300593.SZ,新雷能
2026-07-28,301078.SZ,孩子王
2026-07-28,000758.SZ,中色股份
2026-07-28,300133.SZ,华策影视
2026-07-28,605507.SH,国邦医药
2026-07-28,688063.SH,派能科技
2026-07-28,688083.SH,中望软件
2026-07-28,688128.SH,中国电研
2026-07-28,002004.SZ,华邦健康
2026-07-28,000028.SZ,国药一致
2026-07-28,000685.SZ,中山公用
2026-07-28,000690.SZ,宝新能源
2026-07-28,002006.SZ,精工科技
2026-07-28,002011.SZ,盾安环境
2026-07-28,002051.SZ,中工国际
2026-07-28,002233.SZ,塔牌集团
2026-07-28,002317.SZ,众生药业
2026-07-28,002815.SZ,崇达技术
2026-07-28,002946.SZ,新乳业
2026-07-28,300315.SZ,掌趣科技
2026-07-28,300687.SZ,赛意信息
2026-07-28,301175.SZ,中科环保
2026-07-28,301207.SZ,华兰疫苗
2026-07-28,301216.SZ,万凯新材
2026-07-28,301219.SZ,腾远钴业
2026-07-28,301238.SZ,瑞泰新材
2026-07-28,301268.SZ,铭利达
2026-07-28,600037.SH,歌华有线
2026-07-28,600058.SH,五矿发展
2026-07-28,600120.SH,浙江东方
2026-07-28,600403.SH,大有能源
2026-07-28,600478.SH,科力远
2026-07-28,600572.SH,康恩贝
2026-07-28,600835.SH,上海机电
2026-07-28,601068.SH,中铝国际
2026-07-28,601200.SH,上海环境
2026-07-28,601975.SH,招商南油
2026-07-28,603132.SH,金徽股份
2026-07-28,603297.SH,永新光学
2026-07-28,603300.SH,海南华铁
2026-07-28,688131.SH,皓元医药
2026-07-28,688321.SH,微芯生物
2026-07-28,688559.SH,海目星
2026-07-28,688639.SH,华恒生物
2026-07-28,688660.SH,电气风电
2026-07-28,688700.SH,东威科技
2026-07-28,688776.SH,国光电气
2026-07-28,688789.SH,宏华数科
2026-07-28,688798.SH,艾为电子
2026-07-28,688800.SH,瑞可达
2026-07-28,601860.SH,紫金银行
2026-07-28,002125.SZ,湘潭电化
2026-07-28,001301.SZ,尚太科技
2026-07-28,002048.SZ,宁波华翔
2026-07-28,002701.SZ,奥瑞金
2026-07-28,002948.SZ,青岛银行
2026-07-28,300260.SZ,新莱应材
2026-07-28,300416.SZ,苏试试验
2026-07-28,300693.SZ,盛弘股份
2026-07-28,300811.SZ,铂科新材
2026-07-28,300820.SZ,英杰电气
2026-07-28,301095.SZ,广立微
2026-07-28,301171.SZ,易点天下
2026-07-28,301267.SZ,华厦眼科
2026-07-28,301316.SZ,慧博云通
2026-07-28,301327.SZ,华宝新能
2026-07-28,301363.SZ,美好医疗
2026-07-28,600006.SH,东风股份
2026-07-28,600064.SH,南京高科
2026-07-28,600201.SH,生物股份
2026-07-28,600216.SH,浙江医药
2026-07-28,600787.SH,中储股份
2026-07-28,601022.SH,宁波远洋
2026-07-28,601801.SH,皖新传媒
2026-07-28,603057.SH,紫燕食品
2026-07-28,603477.SH,巨星农牧
2026-07-28,603871.SH,嘉友国际
2026-07-28,603888.SH,新华网
2026-07-28,603983.SH,丸美生物
2026-07-28,605020.SH,永和股份
2026-07-28,605333.SH,沪光股份
2026-07-28,688048.SH,长光华芯
2026-07-28,688088.SH,虹软科技
2026-07-28,688091.SH,上海谊众
2026-07-28,688110.SH,东芯股份
2026-07-28,688123.SH,聚辰股份
2026-07-28,688153.SH,唯捷创芯
2026-07-28,688167.SH,炬光科技
2026-07-28,688206.SH,概伦电子
2026-07-28,688232.SH,新点软件
2026-07-28,688262.SH,国芯科技
2026-07-28,688326.SH,经纬恒润
2026-07-28,600633.SH,浙数文化
2026-07-28,688190.SH,云路股份
2026-07-28,000686.SZ,东北证券
2026-07-28,001236.SZ,弘业期货
2026-07-28,601333.SH,广深铁路
2026-07-28,601969.SH,海南矿业
2026-07-28,603083.SH,剑桥科技
2026-07-28,603162.SH,海通发展
2026-07-28,688031.SH,星环科技
2026-07-28,688097.SH,博众精工
2026-07-28,688289.SH,圣湘生物
2026-07-28,688327.SH,云从科技
2026-07-28,688351.SH,微电生理
2026-07-28,688372.SH,伟测科技
2026-07-28,688380.SH,中微半导
2026-07-28,688392.SH,骄成超声
2026-07-28,688400.SH,凌云光
2026-07-28,688403.SH,汇成股份
2026-07-28,688409.SH,富创精密
2026-07-28,688439.SH,振华风光
2026-07-28,688596.SH,正帆科技
2026-07-28,688630.SH,芯碁微装
2026-07-28,600556.SH,天下秀
2026-07-28,000012.SZ,南玻A
2026-07-28,000420.SZ,吉林化纤
2026-07-28,001287.SZ,中电港
2026-07-28,001337.SZ,四川黄金
2026-07-28,002077.SZ,大港股份
2026-07-28,002081.SZ,金螳螂
2026-07-28,002127.SZ,南极电商
2026-07-28,002183.SZ,怡亚通
2026-07-28,002221.SZ,东华能源
2026-07-28,002249.SZ,大洋电机
2026-07-28,002250.SZ,联化科技
2026-07-28,002745.SZ,木林森
2026-07-28,002985.SZ,北摩高科
2026-07-28,301153.SZ,中科江南
2026-07-28,301205.SZ,联特科技
2026-07-28,301262.SZ,海看股份
2026-07-28,301291.SZ,明阳电气
2026-07-28,301293.SZ,三博脑科
2026-07-28,301381.SZ,赛维时代
2026-07-28,600259.SH,广晟有色
2026-07-28,600361.SH,创新新材
2026-07-28,600409.SH,三友化工
2026-07-28,600718.SH,东软集团
2026-07-28,601326.SH,秦港股份
2026-07-28,300415.SZ,伊之密
2026-07-28,600651.SH,飞乐音响
2026-07-28,601778.SH,晶科科技
2026-07-28,601187.SH,厦门银行
2026-07-28,601096.SH,宏盛华源
2026-07-28,601083.SH,锦江航运
2026-07-28,601033.SH,永兴股份
2026-07-28,600757.SH,长江传媒
2026-07-28,600509.SH,天富能源
2026-07-28,600301.SH,华锡有色
2026-07-28,301511.SZ,德福科技
2026-07-28,301510.SZ,固高科技
2026-07-28,301487.SZ,盟固利
2026-07-28,301371.SZ,敷尔佳
2026-07-28,301339.SZ,通行宝
2026-07-28,300678.SZ,中科信息
2026-07-28,300576.SZ,容大感光
2026-07-28,300446.SZ,航天智造
2026-07-28,300026.SZ,红日药业
2026-07-28,002925.SZ,盈趣科技
2026-07-28,002315.SZ,焦点科技
2026-07-28,000970.SZ,中科三环
2026-07-28,000628.SZ,高新发展
2026-07-28,000581.SZ,威孚高科
2026-07-28,300257.SZ,开山股份
2026-07-28,600597.SH,光明乳业
2026-07-28,688531.SH,日联科技
2026-07-28,605011.SH,杭州热电
2026-07-28,605599.SH,菜百股份
2026-07-28,688062.SH,迈威生物
2026-07-28,688141.SH,杰华特
2026-07-28,688146.SH,中船特气
2026-07-28,688147.SH,微导纳米
2026-07-28,688208.SH,道通科技
2026-07-28,688279.SH,峰岹科技
2026-07-28,688352.SH,颀中科技
2026-07-28,688362.SH,甬矽电子
2026-07-28,688432.SH,有研硅
2026-07-28,688433.SH,华曙高科
2026-07-28,688484.SH,南芯科技
2026-07-28,688502.SH,茂莱光学
2026-07-28,688503.SH,聚和材料
2026-07-28,688515.SH,裕太微
2026-07-28,688658.SH,悦康药业
2026-07-28,688690.SH,纳微科技
2026-07-28,688332.SH,中科蓝讯
2026-07-28,688300.SH,联瑞新材
2026-07-28,301500.SZ,飞南资源
2026-07-28,000099.SZ,中信海直
2026-07-28,000156.SZ,华数传媒
2026-07-28,000680.SZ,山推股份
2026-07-28,000930.SZ,中粮科技
2026-07-28,002506.SZ,协鑫集成
2026-07-28,002588.SZ,史丹利
2026-07-28,002936.SZ,郑州银行
2026-07-28,300492.SZ,华图山鼎
2026-07-28,300580.SZ,贝斯特
2026-07-28,300641.SZ,正丹股份
2026-07-28,300779.SZ,惠城环保
2026-07-28,300913.SZ,兆龙互连
2026-07-28,300926.SZ,博俊科技
2026-07-28,301297.SZ,富乐德
2026-07-28,301565.SZ,中仑新材
2026-07-28,301589.SZ,诺瓦星云
2026-07-28,600315.SH,上海家化
2026-07-28,600640.SH,国脉文化
2026-07-28,600664.SH,哈药股份
2026-07-28,600827.SH,百联股份
2026-07-28,603219.SH,富佳股份
2026-07-28,603317.SH,天味食品
2026-07-28,603496.SH,恒为科技
2026-07-28,603662.SH,柯力传感
2026-07-28,605116.SH,奥锐特
2026-07-28,688029.SH,南微医学
2026-07-28,688107.SH,安路科技
2026-07-28,688150.SH,莱特光电
2026-07-28,688443.SH,智翔金泰
2026-07-28,688522.SH,纳睿雷达
2026-07-28,688549.SH,中巨芯
2026-07-28,688612.SH,威迈斯
2026-07-28,688631.SH,莱斯信息
2026-07-28,688766.SH,普冉股份
2026-07-28,688779.SH,五矿新能
2026-07-28,688548.SH,广钢气体
2026-07-28,688523.SH,航天环宇
2026-07-28,603355.SH,莱克电气
2026-07-28,002654.SZ,万润科技
2026-07-28,601089.SH,福元医药
2026-07-28,301215.SZ,中汽股份
2026-07-28,688698.SH,伟创电气
2026-07-28,688652.SH,京仪装备
2026-07-28,688584.SH,上海合晶
2026-07-28,688567.SH,孚能科技
2026-07-28,688543.SH,国科军工
2026-07-28,688536.SH,思瑞浦
2026-07-28,688306.SH,均普智能
2026-07-28,688252.SH,天德钰
2026-07-28,688165.SH,埃夫特
2026-07-28,605555.SH,德昌股份
2026-07-28,603883.SH,老百姓
2026-07-28,603698.SH,航天工程
2026-07-28,603667.SH,五洲新春
2026-07-28,603516.SH,淳中科技
2026-07-28,603395.SH,红四方
2026-07-28,603194.SH,中力股份
2026-07-28,603193.SH,润本股份
2026-07-28,603072.SH,天和磁材
2026-07-28,603009.SH,北特科技
2026-07-28,301631.SZ,壹连科技
2026-07-28,301626.SZ,苏州天脉
2026-07-28,301602.SZ,超研股份
2026-07-28,301600.SZ,慧翰股份
2026-07-28,301592.SZ,六九一二
2026-07-28,301571.SZ,国科天成
2026-07-28,301556.SZ,托普云农
2026-07-28,301551.SZ,无线传媒
2026-07-28,301522.SZ,上大股份
2026-07-28,301458.SZ,钧崴电子
2026-07-28,301109.SZ,军信股份
2026-07-28,301091.SZ,深城交
2026-07-28,301061.SZ,匠心家居
2026-07-28,300925.SZ,法本信息
2026-07-28,300870.SZ,欧陆通
2026-07-28,300493.SZ,润欣科技
2026-07-28,002897.SZ,意华股份
2026-07-28,002892.SZ,科力尔
2026-07-28,002881.SZ,美格智能
2026-07-28,002779.SZ,中坚科技
2026-07-28,301622.SZ,英思特
2026-07-28,688003.SH,天准科技
2026-07-28,688717.SH,艾罗能源
2026-07-28,002149.SZ,西部材料
2026-07-28,002093.SZ,国脉科技
2026-07-28,001227.SZ,兰州银行
2026-07-28,002690.SZ,美亚光电
2026-07-28,001339.SZ,智微智能
2026-07-28,002408.SZ,齐翔腾达
2026-07-28,002368.SZ,太极股份
2026-07-28,688726.SH,拉普拉斯
2026-07-28,688591.SH,泰凌微
2026-07-28,688552.SH,航天南湖
2026-07-28,688519.SH,南亚新材
2026-07-28,688382.SH,益方生物
2026-07-28,688205.SH,德科立
2026-07-28,688182.SH,灿勤科技
2026-07-28,688068.SH,热景生物
2026-07-28,688032.SH,禾迈股份
2026-07-28,605198.SH,安德利
2026-07-28,603809.SH,豪能股份
2026-07-28,603663.SH,三祥新材
2026-07-28,603202.SH,天有为
2026-07-28,603014.SH,威高血净
2026-07-28,600928.SH,西安银行
2026-07-28,600867.SH,通化东宝
2026-07-28,600859.SH,王府井
2026-07-28,600654.SH,中安科
2026-07-28,600353.SH,旭光电子
2026-07-28,600325.SH,华发股份
2026-07-28,600167.SH,联美控股
2026-07-28,600155.SH,华创云信
2026-07-28,600056.SH,中国医药
2026-07-28,600022.SH,山东钢铁
2026-07-28,301678.SZ,新恒汇
2026-07-28,301665.SZ,泰禾股份
2026-07-28,301658.SZ,首航新能
2026-07-28,301392.SZ,汇成真空
2026-07-28,301345.SZ,涛涛车业
2026-07-28,301275.SZ,汉朔科技
2026-07-28,301263.SZ,泰恩康
2026-07-28,301127.SZ,武汉天源
2026-07-28,301018.SZ,申菱环境
2026-07-28,301000.SZ,肇民科技
2026-07-28,300809.SZ,华辰装备
2026-07-28,300341.SZ,麦克奥迪
2026-07-28,002965.SZ,祥鑫科技
2026-07-28,002896.SZ,中大力德
2026-07-28,002882.SZ,金龙羽
2026-07-28,002563.SZ,森马服饰
2026-07-28,000880.SZ,潍柴重机
2026-07-28,000833.SZ,粤桂股份
2026-07-28,000778.SZ,新兴铸管
2026-07-28,000636.SZ,风华高科
2026-07-28,301550.SZ,斯菱智驱
2026-07-28,002536.SZ,飞龙股份
2026-07-28,301101.SZ,明月镜片
2026-07-28,688486.SH,龙迅股份
2026-07-28,688102.SH,斯瑞新材
2026-07-28,001382.SZ,新亚电缆
2026-07-28,002827.SZ,高争民爆
2026-07-28,300070.SZ,碧水源
2026-07-28,301632.SZ,广东建科
2026-07-28,603248.SH,锡华科技
2026-07-28,000534.SZ,万泽股份
2026-07-28,000563.SZ,陕国投A
2026-07-28,000962.SZ,东方钽业
2026-07-28,000998.SZ,隆平高科
2026-07-28,001233.SZ,海安集团
2026-07-28,001267.SZ,汇绿生态
2026-07-28,001359.SZ,平安电工
2026-07-28,001369.SZ,双欣材料
2026-07-28,002290.SZ,禾盛新材
2026-07-28,002922.SZ,伊戈尔
2026-07-28,002958.SZ,青农商行
2026-07-28,003010.SZ,若羽臣
2026-07-28,300153.SZ,科泰电源
2026-07-28,300503.SZ,昊志机电
2026-07-28,300680.SZ,隆盛科技
2026-07-28,300806.SZ,斯迪克
2026-07-28,300814.SZ,中富电路
2026-07-28,300969.SZ,恒帅股份
2026-07-28,300990.SZ,同飞股份
2026-07-28,301005.SZ,超捷股份
2026-07-28,301196.SZ,唯科科技
2026-07-28,301225.SZ,恒勃股份
2026-07-28,301389.SZ,隆扬电子
2026-07-28,301396.SZ,宏景科技
2026-07-28,301413.SZ,安培龙
2026-07-28,301421.SZ,波长光电
2026-07-28,301488.SZ,豪恩汽电
2026-07-28,301489.SZ,思泉新材
2026-07-28,301563.SZ,云汉芯城
2026-07-28,301584.SZ,建发致新
2026-07-28,301662.SZ,宏工科技
2026-07-28,600268.SH,国电南自
2026-07-28,600528.SH,中铁工业
2026-07-28,600739.SH,辽宁成大
2026-07-28,601026.SH,道生天合
2026-07-28,601568.SH,北元化工
2026-07-28,603124.SH,江南新材
2026-07-28,603319.SH,美湖股份
2026-07-28,603402.SH,陕西旅游
2026-07-28,603406.SH,天富龙
2026-07-28,603418.SH,友升股份
2026-07-28,603929.SH,亚翔集成
2026-07-28,603950.SH,长源东谷
2026-07-28,605196.SH,华通线缆
2026-07-28,688025.SH,杰普特
2026-07-28,688195.SH,腾景科技
2026-07-28,688353.SH,华盛锂电
2026-07-28,688449.SH,联芸科技
2026-07-28,688545.SH,兴福电子
2026-07-28,688593.SH,新相微
2026-07-28,688605.SH,先锋精科
2026-07-28,688627.SH,精智达
2026-07-28,688668.SH,鼎通科技
2026-07-28,688691.SH,灿芯股份
2026-07-28,603376.SH,大明电子
